subset,category,metric,unit,n,min,median,p95,mean,max,update_00,update_01,update_02,update_03,update_04,update_05,update_06,update_07,update_08,update_09,update_10,update_11,definition,sampling
warm_steps_2_11_clean,Integration,receiver_e2e_s,seconds,10,4.555841,4.950306,5.278063,4.9638359,5.278063,94.28651,4.817703,5.215559,4.791737,4.691301,5.080807,5.220693,4.961719,4.903746,5.278063,4.938893,4.555841,Candidate worker duration; maximum local receiver per update. Cold includes initial verification.,"Summary uses the named subset; update columns show all updates. P95 is across updates, nearest rank. This separate clean run has no warm reference replay; diagnostic_replay is false for every update."
warm_steps_2_11_clean,Integration,trainer_max_local_s,seconds,10,5.57393,6.356174,8.224648,6.5567816,8.224648,356.903952,6.749966,5.68945,5.958891,6.253177,6.566747,7.818938,6.016521,7.006343,8.224648,6.459171,5.57393,"Maximum local trainer duration: handshake, publication, waiting for inference completion, release. Excludes the outer framework memory-reclaim and offer/cleanup wrapper. No warm reference replay is installed in this clean arm.","Summary uses the named subset; update columns show all updates. P95 is across updates, nearest rank. This separate clean run has no warm reference replay; diagnostic_replay is false for every update."
warm_steps_2_11_clean,Integration,framework_broadcast_s,seconds,10,5.386783551002736,6.170969218997925,8.033329355996102,6.3959799654010565,8.033329355996102,,5.8691293689917075,5.663045819004765,5.923880360001931,6.077436406994821,6.364846274998854,7.604468423000071,5.83218821301125,6.809319218999008,8.033329355996102,6.2645020310010295,5.386783551002736,"PrimeRL root time/broadcast_weights: memory reclamation plus the full sender.broadcast call, including offer/cleanup bookkeeping, coordination, publication, waiting for inference completion and release. Broader than pause/update/resume or receiver E2E. No warm reference replay is installed in this clean arm.","Summary uses the named subset; update columns show all updates. P95 is across updates, nearest rank. This separate clean run has no warm reference replay; diagnostic_replay is false for every update."
warm_steps_2_11_clean,Integration,ready_observed_to_resumed_s,seconds,10,4.958304,5.4020805,7.142948,5.7409583,7.142948,251.180464,4.847539,5.245094,5.221868,5.101539,5.426445,7.142948,5.411239,6.395982,7.113242,5.392922,4.958304,Orchestrator update_rpc after READY observation: pause/update/resume through acknowledgement for warm updates. Cold also includes generation/restoration controls. No server READY-transition timestamp. No warm reference replay is installed in this clean arm.,"Summary uses the named subset; update columns show all updates. P95 is across updates, nearest rank. This separate clean run has no warm reference replay; diagnostic_replay is false for every update."
warm_steps_2_11_clean,Integration,wait_for_ready_s,seconds,10,0.001559,0.02705,0.352624,0.0940566,0.352624,0.010388,0.102852,0.206563,0.001559,0.018983,0.002008,0.035117,0.107968,0.352624,0.002347,0.0031,0.210297,Orchestrator discovery before READY observation. Overlaps trainer readiness/publication; not MX internal source discovery.,"Summary uses the named subset; update columns show all updates. P95 is across updates, nearest rank. This separate clean run has no warm reference replay; diagnostic_replay is false for every update."
warm_steps_2_11_clean,Integration,root_handshake_s,seconds,10,0.001633,0.0018189999999999999,0.006164,0.0025646,0.006164,0.047141,0.564861,0.005058,0.006164,0.001763,0.001827,0.001946,0.001965,0.001811,0.001735,0.001744,0.001633,Root trainer handshake including coordination with trainers arriving at the synchronization point.,"Summary uses the named subset; update columns show all updates. P95 is across updates, nearest rank. This separate clean run has no warm reference replay; diagnostic_replay is false for every update."
warm_steps_2_11_clean,Integration,root_publish_s,seconds,10,0.290839,0.323749,0.329297,0.3182108,0.329297,10.696832,0.283573,0.291998,0.290839,0.322401,0.323044,0.329297,0.323847,0.328329,0.323651,0.324513,0.324189,"Root trainer publication phase, including source preparation and publication barrier/RPC.","Summary uses the named subset; update columns show all updates. P95 is across updates, nearest rank. This separate clean run has no warm reference replay; diagnostic_replay is false for every update."
warm_steps_2_11_clean,MX internal,root_source_preparation_s,seconds,10,0.284966,0.3146445,0.320138,0.3098134,0.320138,0.278857,0.276751,0.284966,0.285253,0.31408,0.313719,0.320138,0.314707,0.319537,0.314582,0.315498,0.315654,"Root source shard capture, validation, staging and synchronization; nested in root_publish_s.","Summary uses the named subset; update columns show all updates. P95 is across updates, nearest rank. This separate clean run has no warm reference replay; diagnostic_replay is false for every update."
warm_steps_2_11_clean,MX API,root_publish_client_s,seconds,10,0.28799,0.3211075,0.326618,0.315447,0.326618,10.679124,0.281541,0.28799,0.288577,0.319745,0.320355,0.326618,0.321135,0.32574,0.32108,0.321782,0.321448,Root MX trainer client publication call including source preparation; nested in root_publish_s.,"Summary uses the named subset; update columns show all updates. P95 is across updates, nearest rank. This separate clean run has no warm reference replay; diagnostic_replay is false for every update."
warm_steps_2_11_clean,Integration,admin_pause_s,seconds,10,0.024338,0.41198500000000005,0.507393,0.3821979,0.507393,0.023797,0.02424,0.024338,0.422868,0.401102,0.334214,0.442664,0.430493,0.484167,0.507393,0.384156,0.390584,Pause RPC duration; not total generator paused dwell.,"Summary uses the named subset; update columns show all updates. P95 is across updates, nearest rank. This separate clean run has no warm reference replay; diagnostic_replay is false for every update."
warm_steps_2_11_clean,Integration,admin_update_s,seconds,10,4.560034,5.0294795,6.65412,5.3404938,6.65412,96.098702,4.820909,5.218589,4.795493,4.694905,5.085367,6.65412,4.972189,5.891061,6.559588,4.973592,4.560034,Inference update RPC duration. No warm reference replay is installed in this clean arm.,"Summary uses the named subset; update columns show all updates. P95 is across updates, nearest rank. This separate clean run has no warm reference replay; diagnostic_replay is false for every update."
warm_steps_2_11_clean,Integration,admin_resume_s,seconds,10,0.00168,0.006947,0.026777,0.0090819,0.026777,0.002096,0.001861,0.00168,0.002877,0.004344,0.005955,0.008532,0.007653,0.019107,0.007195,0.026777,0.006699,Resume RPC duration through acknowledgement.,"Summary uses the named subset; update columns show all updates. P95 is across updates, nearest rank. This separate clean run has no warm reference replay; diagnostic_replay is false for every update."
warm_steps_2_11_clean,MX API,streaming_total_s,seconds,10,4.555616,4.950008,5.277767,4.9635665,5.277767,34.489213,4.817467,5.215375,4.79143,4.691076,5.080477,5.220468,4.961408,4.90344,5.277767,4.938608,4.555616,Candidate apply_weight_streaming total including prepare/apply/release.,"Summary uses the named subset; update columns show all updates. P95 is across updates, nearest rank. This separate clean run has no warm reference replay; diagnostic_replay is false for every update."
warm_steps_2_11_clean,MX API,streaming_prepare_s,seconds,10,0.154884,0.1966145,0.85104,0.2679722,0.85104,28.542755,0.192317,0.185076,0.248139,0.181819,0.254556,0.16344,0.256959,0.85104,0.208153,0.175656,0.154884,"Candidate streaming preparation; parent of source metadata, capture, planning, registration and prepare_other_s.","Summary uses the named subset; update columns show all updates. P95 is across updates, nearest rank. This separate clean run has no warm reference replay; diagnostic_replay is false for every update."
warm_steps_2_11_clean,MX API,streaming_apply_s,seconds,10,4.050602,4.73198,5.067715,4.6939174,5.067715,5.944764,4.623727,5.029173,4.541592,4.507687,4.824154,5.055242,4.702715,4.050602,5.067715,4.761245,4.399049,Candidate streaming apply including transfer and installation; overlaps its component timers.,"Summary uses the named subset; update columns show all updates. P95 is across updates, nearest rank. This separate clean run has no warm reference replay; diagnostic_replay is false for every update."
warm_steps_2_11_clean,MX API,streaming_release_s,seconds,10,3.5e-05,3.8e-05,3.9e-05,3.74e-05,3.9e-05,5.8e-05,4.4e-05,3.5e-05,3.9e-05,3.6e-05,3.8e-05,3.8e-05,3.8e-05,3.7e-05,3.8e-05,3.8e-05,3.7e-05,Candidate streaming handle release.,"Summary uses the named subset; update columns show all updates. P95 is across updates, nearest rank. This separate clean run has no warm reference replay; diagnostic_replay is false for every update."
warm_steps_2_11_clean,MX internal,source_metadata_s,seconds,10,0.000539,0.000812,0.001226,0.0008859,0.001226,8.7237,0.001126,0.00083,0.001111,0.000559,0.001163,0.000794,0.00113,0.001226,0.000737,0.00077,0.000539,Source manifest/source-table preparation after the version is ready; nested in streaming_prepare_s.,"Summary uses the named subset; update columns show all updates. P95 is across updates, nearest rank. This separate clean run has no warm reference replay; diagnostic_replay is false for every update."
warm_steps_2_11_clean,MX internal,layout_capture_s,seconds,10,0.03137,0.0536895,0.65932,0.1094005,0.65932,4.456324,0.05938,0.055133,0.055696,0.050327,0.057037,0.043642,0.056261,0.65932,0.052246,0.032973,0.03137,Engine load-layout capture; nested in streaming_prepare_s.,"Summary uses the named subset; update columns show all updates. P95 is across updates, nearest rank. This separate clean run has no warm reference replay; diagnostic_replay is false for every update."
warm_steps_2_11_clean,MX internal,transfer_planning_s,seconds,10,0.005662,0.008098000000000001,0.010407,0.0082587,0.010407,10.681455,0.007783,0.007098,0.010101,0.007375,0.009822,0.007049,0.010407,0.009757,0.008821,0.006495,0.005662,Physical transfer planning; nested in streaming_prepare_s.,"Summary uses the named subset; update columns show all updates. P95 is across updates, nearest rank. This separate clean run has no warm reference replay; diagnostic_replay is false for every update."
warm_steps_2_11_clean,MX internal,connection_registration_s,seconds,10,0.095357,0.12653550000000002,0.162638,0.1306534,0.162638,1.101314,0.112814,0.106407,0.161827,0.106099,0.162638,0.1002,0.161581,0.159354,0.132035,0.121036,0.095357,Connections and memory registration; nested in streaming_prepare_s.,"Summary uses the named subset; update columns show all updates. P95 is across updates, nearest rank. This separate clean run has no warm reference replay; diagnostic_replay is false for every update."
warm_steps_2_11_clean,Derived,prepare_other_s,seconds,10,0.011755000000000015,0.018431500000000003,0.027579999999999993,0.018773700000000004,0.027579999999999993,3.579962000000002,0.011214000000000002,0.015607999999999983,0.019404000000000005,0.017459000000000002,0.023896,0.011755000000000015,0.027579999999999993,0.02138300000000004,0.014313999999999993,0.014382000000000006,0.021956000000000003,"streaming_prepare_s minus its four recorded children; same receiver, same update.","Summary uses the named subset; update columns show all updates. P95 is across updates, nearest rank. This separate clean run has no warm reference replay; diagnostic_replay is false for every update."
warm_steps_2_11_clean,MX internal,wire_s,seconds,10,1.696828,1.75262,2.238027,1.842788,2.238027,2.242279,1.820159,1.743224,2.156059,1.74086,1.915385,2.238027,1.764135,1.696828,1.700297,1.711049,1.762016,"Sum of batch READ API durations; includes preparation/posting/polling overhead, not NIC-counter-only wire time.","Summary uses the named subset; update columns show all updates. P95 is across updates, nearest rank. This separate clean run has no warm reference replay; diagnostic_replay is false for every update."
warm_steps_2_11_clean,MX internal,wire_wait_s,seconds,10,0.102543,0.1505895,0.26394,0.1627103,0.26394,0.182001,0.228262,0.104172,0.102543,0.243543,0.176851,0.26394,0.197715,0.124575,0.150291,0.150888,0.112585,READ completion wait subset of wire_s; never add again.,"Summary uses the named subset; update columns show all updates. P95 is across updates, nearest rank. This separate clean run has no warm reference replay; diagnostic_replay is false for every update."
warm_steps_2_11_clean,MX internal,reconstruct_s,seconds,10,0.017032,0.017807,0.018192,0.017683400000000002,0.018192,0.019985,0.018192,0.017915,0.017243,0.017032,0.017466,0.018192,0.018072,0.017228,0.01791,0.018072,0.017704,Received shard reconstruction/conversion and its synchronization.,"Summary uses the named subset; update columns show all updates. P95 is across updates, nearest rank. This separate clean run has no warm reference replay; diagnostic_replay is false for every update."
warm_steps_2_11_clean,MX internal,install_commit_s,seconds,10,2.138159,2.650811,3.148602,2.6429004,3.148602,2.626377,2.589893,3.071627,2.165593,2.552361,2.691528,2.610094,2.716571,2.138159,3.148602,2.874966,2.459503,"Per-batch coverage/geometry validation, engine-owned materialization, receive copies, native module post-load processing, copying/restoring live destinations and synchronization. Deferred attention processing is in reload_s.","Summary uses the named subset; update columns show all updates. P95 is across updates, nearest rank. This separate clean run has no warm reference replay; diagnostic_replay is false for every update."
warm_steps_2_11_clean,MX internal,reload_s,seconds,10,0.066083,0.1006465,0.104696,0.0939685,0.104696,0.107568,0.098832,0.099546,0.104696,0.101065,0.104118,0.089383,0.103791,0.102147,0.100228,0.066083,0.068628,"Outer vLLM layerwise reload, including MLA derived-weight refresh, excluding the streaming load callback.","Summary uses the named subset; update columns show all updates. P95 is across updates, nearest rank. This separate clean run has no warm reference replay; diagnostic_replay is false for every update."
warm_steps_2_11_clean,MX internal,post_install_sync_s,seconds,10,5.3e-05,5.75e-05,6.9e-05,5.85e-05,6.9e-05,7.6e-05,6.3e-05,5.7e-05,6.9e-05,5.7e-05,5.3e-05,5.9e-05,5.8e-05,5.7e-05,5.5e-05,5.9e-05,6.1e-05,Final CUDA synchronization after native reload finalization; separate from reload_s and install_commit_s.,"Summary uses the named subset; update columns show all updates. P95 is across updates, nearest rank. This separate clean run has no warm reference replay; diagnostic_replay is false for every update."
warm_steps_2_11_clean,Derived,receiver_other_s,seconds,10,0.09297000000000022,0.09816450000000021,0.10278000000000098,0.0984275000000002,0.10278000000000098,60.747412000000004,0.09820299999999982,0.09807900000000025,0.09989900000000063,0.09807100000000002,0.09766299999999983,0.10145999999999944,0.10209500000000027,0.09825000000000017,0.10278000000000098,0.09297000000000022,0.0930080000000002,"Receiver E2E minus disjoint prepare, wire, reconstruct, commit, reload, final synchronization and release. Cold includes verification.","Summary uses the named subset; update columns show all updates. P95 is across updates, nearest rank. This separate clean run has no warm reference replay; diagnostic_replay is false for every update."
warm_steps_2_11_clean,Derived,trainer_receiver_duration_gap_s,seconds,10,0.47389100000000006,1.5031090000000003,2.946585,1.5929457,2.946585,262.617442,1.9322629999999998,0.47389100000000006,1.167154,1.5618759999999998,1.4859400000000003,2.5982450000000004,1.0548019999999996,2.1025970000000003,2.946585,1.5202780000000002,1.0180889999999998,"Difference of maximum local trainer and receiver durations, with different boundaries; not pure MX overhead or a clock-aligned wait.","Summary uses the named subset; update columns show all updates. P95 is across updates, nearest rank. This separate clean run has no warm reference replay; diagnostic_replay is false for every update."
warm_steps_2_11_clean,Derived,installation_total_s,seconds,10,2.240363,2.7476175,3.248885,2.7369274,3.248885,2.7340210000000003,2.688788,3.17123,2.270358,2.653483,2.795699,2.699536,2.82042,2.240363,3.248885,2.9411080000000003,2.528192,"Same-rank per-update sum of install_commit_s + reload_s + post_install_sync_s. Includes engine native materialization, post-load processing, live destination restoration and all installation CUDA drains; excludes wire/reconstruction.","Summary uses the named subset; update columns show all updates. P95 is across updates, nearest rank. This separate clean run has no warm reference replay; diagnostic_replay is false for every update."
warm_steps_2_11_clean,Derived,read_api_gbps,Gbps,10,243.27895205553818,310.66660910912265,320.8721586583908,298.20798464086295,320.8721586583908,242.81762583157584,299.13038543995333,312.33212899317584,252.52781265818794,312.75626025757384,284.2587068563239,243.27895205553818,308.6299309474615,320.8721586583908,320.2175050782305,318.2053016786778,309.00108922506945,"8 * this receiver's planned READ bytes / wire_s / 1e9; per rank, not aggregate fabric throughput.","Summary uses the named subset; update columns show all updates. P95 is across updates, nearest rank. This separate clean run has no warm reference replay; diagnostic_replay is false for every update."
