run_id,job_id,step,version_uid,diagnostic_replay,critical_receiver_rank,source_cache_enabled,source_cache_hits,source_cache_misses,source_cache_lookup_s,source_decode_s,source_merge_s,source_build_s,source_manifest_bytes,source_metadata_s,layout_capture_s,plan_cache_enabled,plan_cache_copy_key_on_miss_enabled,plan_cache_key_copies,plan_cache_hits,plan_cache_misses,plan_cache_lookup_s,plan_cache_validate_s,plan_cache_fingerprint_s,initial_whole_plan_s,initial_whole_validation_s,bounded_whole_plan_s,bounded_whole_plan_builds,bounded_whole_validation_s,owner_plan_s,owner_validation_s,owner_plan_builds,transfer_planning_s,connection_registration_s,staging_peak_bytes,staging_buffers,batches,descriptor_cache_hits,descriptor_cache_misses,descriptor_builds,bytes_received,segments,wire_s,wire_wait_s,reconstruct_s,full_pull_sources,converts,post_install_sync_s,reload_s,install_commit_s,streaming_apply_s,streaming_prepare_s,streaming_release_s,streaming_total_s,installation_total_s,receiver_e2e_s,prepare_other_s,receiver_other_s,read_api_gbps,trainer_max_local_s,framework_broadcast_s,ready_observed_to_resumed_s,wait_for_ready_s,root_handshake_s,root_publish_s,root_source_preparation_s,root_publish_client_s,trainer_receiver_duration_gap_s,admin_pause_s,admin_update_s,admin_resume_s
python-warm-final-clean-v1,6140783,0,python-warm-final-clean-v1.519a0412:0,False,8,1.0,0.0,1.0,2e-06,5.623908,0.470013,2.365374,174299950.0,8.7237,4.456324,1.0,1.0,1.0,0.0,1.0,0.069585,0.0,1.217658,5.359747,0.0,0.0,0.0,0.000874,3.803569,0.002711,1167.0,10.681455,1.101314,1900143616.0,1.0,39.0,0.0,39.0,39.0,68058107904.0,231011.0,2.242279,0.182001,0.019985,856.0,156.0,7.6e-05,0.107568,2.626377,5.944764,28.542755,5.8e-05,34.489213,2.7340210000000003,94.28651,3.579962000000002,60.747412000000004,242.81762583157584,356.903952,,251.180464,0.010388,0.047141,10.696832,0.278857,10.679124,262.617442,0.023797,96.098702,0.002096
python-warm-final-clean-v1,6140783,1,python-warm-final-clean-v1.d7c77592:1,False,6,1.0,1.0,0.0,5e-06,0.0,0.0,0.0,174299950.0,0.001126,0.05938,1.0,1.0,0.0,1.0,0.0,0.003699,0.003759,0.0,0.0,0.0,0.0,0.0,0.000525,0.0,0.003232,0.0,0.007783,0.112814,1900143616.0,1.0,39.0,39.0,0.0,0.0,68058107904.0,231011.0,1.820159,0.228262,0.018192,856.0,156.0,6.3e-05,0.098832,2.589893,4.623727,0.192317,4.4e-05,4.817467,2.688788,4.817703,0.011214000000000002,0.09820299999999982,299.13038543995333,6.749966,5.8691293689917075,4.847539,0.102852,0.564861,0.283573,0.276751,0.281541,1.9322629999999998,0.02424,4.820909,0.001861
python-warm-final-clean-v1,6140783,2,python-warm-final-clean-v1.5b17c2c4:2,False,5,1.0,1.0,0.0,4e-06,0.0,0.0,0.0,174299950.0,0.00083,0.055133,1.0,1.0,0.0,1.0,0.0,0.003255,0.003565,0.0,0.0,0.0,0.0,0.0,0.000543,0.0,0.003021,0.0,0.007098,0.106407,1900143616.0,1.0,39.0,39.0,0.0,0.0,68058107904.0,231011.0,1.743224,0.104172,0.017915,856.0,156.0,5.7e-05,0.099546,3.071627,5.029173,0.185076,3.5e-05,5.215375,3.17123,5.215559,0.015607999999999983,0.09807900000000025,312.33212899317584,5.68945,5.663045819004765,5.245094,0.206563,0.005058,0.291998,0.284966,0.28799,0.47389100000000006,0.024338,5.218589,0.00168
python-warm-final-clean-v1,6140783,3,python-warm-final-clean-v1.9100dc62:3,False,15,1.0,1.0,0.0,3e-06,0.0,0.0,0.0,174299950.0,0.001111,0.055696,1.0,1.0,0.0,1.0,0.0,0.004844,0.004946,0.0,0.0,0.0,0.0,0.0,0.000683,0.0,0.004262,0.0,0.010101,0.161827,1900143616.0,1.0,39.0,39.0,0.0,0.0,68058107904.0,231011.0,2.156059,0.102543,0.017243,856.0,156.0,6.9e-05,0.104696,2.165593,4.541592,0.248139,3.9e-05,4.79143,2.270358,4.791737,0.019404000000000005,0.09989900000000063,252.52781265818794,5.958891,5.923880360001931,5.221868,0.001559,0.006164,0.290839,0.285253,0.288577,1.167154,0.422868,4.795493,0.002877
python-warm-final-clean-v1,6140783,4,python-warm-final-clean-v1.c4019093:4,False,1,1.0,1.0,0.0,2e-06,0.0,0.0,0.0,174299950.0,0.000559,0.050327,1.0,1.0,0.0,1.0,0.0,0.003474,0.003614,0.0,0.0,0.0,0.0,0.0,0.000578,0.0,0.003035,0.0,0.007375,0.106099,1900143616.0,1.0,39.0,39.0,0.0,0.0,68058107904.0,231011.0,1.74086,0.243543,0.017032,856.0,156.0,5.7e-05,0.101065,2.552361,4.507687,0.181819,3.6e-05,4.691076,2.653483,4.691301,0.017459000000000002,0.09807100000000002,312.75626025757384,6.253177,6.077436406994821,5.101539,0.018983,0.001763,0.322401,0.31408,0.319745,1.5618759999999998,0.401102,4.694905,0.004344
python-warm-final-clean-v1,6140783,5,python-warm-final-clean-v1.45af4a8b:5,False,24,1.0,1.0,0.0,3e-06,0.0,0.0,0.0,174299950.0,0.001163,0.057037,1.0,1.0,0.0,1.0,0.0,0.00463,0.004881,0.0,0.0,0.0,0.0,0.0,0.000604,0.0,0.004276,0.0,0.009822,0.162638,1900143616.0,1.0,39.0,39.0,0.0,0.0,68058107904.0,231011.0,1.915385,0.176851,0.017466,856.0,156.0,5.3e-05,0.104118,2.691528,4.824154,0.254556,3.8e-05,5.080477,2.795699,5.080807,0.023896,0.09766299999999983,284.2587068563239,6.566747,6.364846274998854,5.426445,0.002008,0.001827,0.323044,0.313719,0.320355,1.4859400000000003,0.334214,5.085367,0.005955
python-warm-final-clean-v1,6140783,6,python-warm-final-clean-v1.a3be4658:6,False,6,1.0,1.0,0.0,3e-06,0.0,0.0,0.0,174299950.0,0.000794,0.043642,1.0,1.0,0.0,1.0,0.0,0.003531,0.003248,0.0,0.0,0.0,0.0,0.0,0.000517,0.0,0.00273,0.0,0.007049,0.1002,1900143616.0,1.0,39.0,39.0,0.0,0.0,68058107904.0,231011.0,2.238027,0.26394,0.018192,856.0,156.0,5.9e-05,0.089383,2.610094,5.055242,0.16344,3.8e-05,5.220468,2.699536,5.220693,0.011755000000000015,0.10145999999999944,243.27895205553818,7.818938,7.604468423000071,7.142948,0.035117,0.001946,0.329297,0.320138,0.326618,2.5982450000000004,0.442664,6.65412,0.008532
python-warm-final-clean-v1,6140783,7,python-warm-final-clean-v1.38bd61cf:7,False,27,1.0,1.0,0.0,3e-06,0.0,0.0,0.0,174299950.0,0.00113,0.056261,1.0,1.0,0.0,1.0,0.0,0.00507,0.004965,0.0,0.0,0.0,0.0,0.0,0.000637,0.0,0.004326,0.0,0.010407,0.161581,1900143616.0,1.0,39.0,39.0,0.0,0.0,68058107904.0,231011.0,1.764135,0.197715,0.018072,856.0,156.0,5.8e-05,0.103791,2.716571,4.702715,0.256959,3.8e-05,4.961408,2.82042,4.961719,0.027579999999999993,0.10209500000000027,308.6299309474615,6.016521,5.83218821301125,5.411239,0.107968,0.001965,0.323847,0.314707,0.321135,1.0548019999999996,0.430493,4.972189,0.007653
python-warm-final-clean-v1,6140783,8,python-warm-final-clean-v1.3efc1fbc:8,False,15,1.0,1.0,0.0,5e-06,0.0,0.0,0.0,174299950.0,0.001226,0.65932,1.0,1.0,0.0,1.0,0.0,0.004642,0.004777,0.0,0.0,0.0,0.0,0.0,0.000623,0.0,0.004152,0.0,0.009757,0.159354,1900143616.0,1.0,39.0,39.0,0.0,0.0,68058107904.0,231011.0,1.696828,0.124575,0.017228,856.0,156.0,5.7e-05,0.102147,2.138159,4.050602,0.85104,3.7e-05,4.90344,2.240363,4.903746,0.02138300000000004,0.09825000000000017,320.8721586583908,7.006343,6.809319218999008,6.395982,0.352624,0.001811,0.328329,0.319537,0.32574,2.1025970000000003,0.484167,5.891061,0.019107
python-warm-final-clean-v1,6140783,9,python-warm-final-clean-v1.01270ebd:9,False,19,1.0,1.0,0.0,2e-06,0.0,0.0,0.0,174299950.0,0.000737,0.052246,1.0,1.0,0.0,1.0,0.0,0.004432,0.004059,0.0,0.0,0.0,0.0,0.0,0.000596,0.0,0.003462,0.0,0.008821,0.132035,1900143616.0,1.0,39.0,39.0,0.0,0.0,68058107904.0,231011.0,1.700297,0.150291,0.01791,856.0,156.0,5.5e-05,0.100228,3.148602,5.067715,0.208153,3.8e-05,5.277767,3.248885,5.278063,0.014313999999999993,0.10278000000000098,320.2175050782305,8.224648,8.033329355996102,7.113242,0.002347,0.001735,0.323651,0.314582,0.32108,2.946585,0.507393,6.559588,0.007195
python-warm-final-clean-v1,6140783,10,python-warm-final-clean-v1.0d50a65a:10,False,20,1.0,1.0,0.0,3e-06,0.0,0.0,0.0,174299950.0,0.00077,0.032973,1.0,1.0,0.0,1.0,0.0,0.003155,0.003107,0.0,0.0,0.0,0.0,0.0,0.000368,0.0,0.002738,0.0,0.006495,0.121036,1900143616.0,1.0,39.0,39.0,0.0,0.0,68058107904.0,231011.0,1.711049,0.150888,0.018072,856.0,156.0,5.9e-05,0.066083,2.874966,4.761245,0.175656,3.8e-05,4.938608,2.9411080000000003,4.938893,0.014382000000000006,0.09297000000000022,318.2053016786778,6.459171,6.2645020310010295,5.392922,0.0031,0.001744,0.324513,0.315498,0.321782,1.5202780000000002,0.384156,4.973592,0.026777
python-warm-final-clean-v1,6140783,11,python-warm-final-clean-v1.acb8eea1:11,False,7,1.0,1.0,0.0,2e-06,0.0,0.0,0.0,174299950.0,0.000539,0.03137,1.0,1.0,0.0,1.0,0.0,0.002615,0.002791,0.0,0.0,0.0,0.0,0.0,0.000413,0.0,0.002377,0.0,0.005662,0.095357,1900143616.0,1.0,39.0,39.0,0.0,0.0,68058107904.0,231011.0,1.762016,0.112585,0.017704,856.0,156.0,6.1e-05,0.068628,2.459503,4.399049,0.154884,3.7e-05,4.555616,2.528192,4.555841,0.021956000000000003,0.0930080000000002,309.00108922506945,5.57393,5.386783551002736,4.958304,0.210297,0.001633,0.324189,0.315654,0.321448,1.0180889999999998,0.390584,4.560034,0.006699
